{"val_f1":0.8137603795966786,"_timestamp":1.7646676194248703e+09,"_step":57,"_wandb":{"runtime":79},"_runtime":79,"val_loss":0.6283833384513855}