{"val_loss":0.48156672716140747,"val_f1":0.8439620081411127,"_timestamp":1.764669336430024e+09,"_step":111,"_wandb":{"runtime":130},"_runtime":130}