{"_wandb":{"runtime":47},"_runtime":47,"_timestamp":1.7646680861430678e+09,"_step":38,"val_loss":0.6293392181396484,"val_f1":0.8137603795966786}